<?xml version="1.0" encoding="UTF-8"?>
<project-private xmlns="http://www.netbeans.org/ns/project-private/1">
    <editor-bookmarks xmlns="http://www.netbeans.org/ns/editor-bookmarks/2" lastBookmarkId="0"/>
    <open-files xmlns="http://www.netbeans.org/ns/projectui-open-files/2">
        <group>
            <file>file:/home/marcyelle/NetBeansProjects/Aula09/src/Correcao/ProjetoLivro.java</file>
            <file>file:/home/marcyelle/NetBeansProjects/Aula09/src/Correcao/Livro.java</file>
            <file>file:/home/marcyelle/NetBeansProjects/Aula09/src/Correcao/Pessoa.java</file>
            <file>file:/home/marcyelle/NetBeansProjects/Aula09/src/Correcao/Publicacao.java</file>
        </group>
    </open-files>
</project-private>
